"rank","tied","deckId","deck","previous_rank","places_up","games","wins","losses","draws","win_percent","score_percent","previous_score_percent","change_percentage_points","hand_bonus_carriers","new_hand_bonus_carriers"
"1","false","element-air","Air","10","9","576","433","111","32","75.1736","77.9514","58.9410","19.0104","Air: The Flight Plug","Air: The Flight Plug"
"2","false","element-water","Water","1","-1","576","433","115","28","75.1736","77.6042","80.5556","-2.9514","Water: Gas Station Sushi Chef",""
"3","false","mushroom-plant","Mushroom Garden","2","-1","576","413","117","46","71.7014","75.6944","77.2569","-1.5625","Plant: Rooftop Gardener","Plant: Rooftop Gardener"
"4","false","starter-squabblehouse-shift","SQUABBLEHOUSE SHIFT","3","-1","576","411","131","34","71.3542","74.3056","76.9097","-2.6042","",""
"5","false","focus-wonderland","Wonderland Return","4","-1","576","394","129","53","68.4028","73.0035","76.2153","-3.2118","",""
"6","false","cellblock-pressure","Cellblock Pressure","5","-1","576","373","148","55","64.7569","69.5313","71.9618","-2.4306","",""
"7","false","element-dark","Dark","13","6","576","368","157","51","63.8889","68.3160","56.5972","11.7188","Dark: Gamer","Dark: Gamer"
"8","false","element-electric","Electric","6","-2","576","364","166","46","63.1944","67.1875","70.0521","-2.8646","Electric: Pirate Radio DJ",""
"9","false","element-light","Light","11","2","576","351","171","54","60.9375","65.6250","58.4201","7.2049","Light: Abuela","Light: Abuela"
"10","false","focused-red-set","Blood / Red Set","8","-2","576","337","187","52","58.5069","63.0208","64.4097","-1.3889","",""
"11","false","focus-wiz","The Wiz","7","-4","576","336","191","49","58.3333","62.5868","66.5799","-3.9931","",""
"12","false","element-earth","Earth","18","6","576","337","196","43","58.5069","62.2396","52.5174","9.7222","Earth: Torta","Earth: Torta"
"13","false","focus-counterplay-coherent","Counterplay — Dark Control","12","-1","576","324","197","55","56.2500","61.0243","57.9861","3.0382","Dark: Gamer","Dark: Gamer"
"14","false","focus-wave7-legends","Wave 7 Legends","9","-5","576","290","214","72","50.3472","56.5972","59.6354","-3.0382","",""
"15","false","focus-earth-tax","Earth Tax and Finishers","19","4","576","299","225","52","51.9097","56.4236","52.1701","4.2535","Earth: Torta","Earth: Torta"
"16","false","focus-air-bond","Air Bond","15","-1","576","276","245","55","47.9167","52.6910","54.7743","-2.0833","",""
"17","false","focus-detective","Sherlock and Watson","17","0","576","273","244","59","47.3958","52.5174","53.9063","-1.3889","",""
"18","false","starter-voltage","VOLTAGE IN MOTION","16","-2","576","273","250","53","47.3958","51.9965","54.3403","-2.3438","",""
"19","false","focus-cellblock","Cellblock Lane Sequence","14","-5","576","271","253","52","47.0486","51.5625","55.6424","-4.0799","",""
"20","false","element-plant","Plant","20","0","576","262","262","52","45.4861","50.0000","50.1736","-0.1736","Plant: Rooftop Gardener","Plant: Rooftop Gardener"
"21","false","focus-poison-entry","Poison Entry Punishment","21","0","576","241","269","66","41.8403","47.5694","46.9618","0.6076","Poison: Nail Tech","Poison: Nail Tech"
"22","false","element-fire","Fire","23","1","576","234","289","53","40.6250","45.2257","46.1806","-0.9549","",""
"23","false","focus-cellblock-classic","Cellblock — No Kingpin","21","-2","576","228","290","58","39.5833","44.6181","46.9618","-2.3438","",""
"24","false","element-poison","Poison","25","1","576","219","298","59","38.0208","43.1424","41.4931","1.6493","Poison: Nail Tech","Poison: Nail Tech"
"25","false","focus-fire-guap","Fire Pressure","24","-1","576","215","303","58","37.3264","42.3611","45.0521","-2.6910","",""
"26","false","starter-block","THE BLOCK IS HOT","26","0","576","188","317","71","32.6389","38.8021","41.3194","-2.5174","",""
"27","false","focused-blue-set","Crip / Blue Set","27","0","576","197","334","45","34.2014","38.1076","39.4097","-1.3021","",""
"28","false","starter-receipts","RECEIPTS","29","1","576","174","338","64","30.2083","35.7639","36.8924","-1.1285","",""
"29","false","focus-demario-luigion","Demario and Luigion","28","-1","576","180","349","47","31.2500","35.3299","37.2396","-1.9097","",""
"30","false","starter-vibes","GOOD VIBES ONLY","30","0","576","164","360","52","28.4722","32.9861","33.4201","-0.4340","",""
"31","false","focus-counterplay","Counterplay","31","0","576","150","366","60","26.0417","31.2500","33.2465","-1.9965","",""
"32","false","starter-crashout","CRASHOUT SEASON","32","0","576","145","375","56","25.1736","30.0347","31.6840","-1.6493","",""
"33","false","focus-late-scaling","Late Scaling","33","0","576","128","391","57","22.2222","27.1701","28.9063","-1.7361","",""
"34","false","starter-slide","SLIDE THRU","34","0","576","116","417","43","20.1389","23.8715","25.2604","-1.3889","",""
"35","false","starter-combo","WHO YOU KNOW","35","0","576","105","424","47","18.2292","22.3090","23.5243","-1.2153","Dark: Gamer","Dark: Gamer"
"36","false","focus-wave7-tempo","Wave 7 Tempo","36","0","576","101","432","43","17.5347","21.2674","22.3958","-1.1285","",""
"37","false","starter-compound","COMPOUND INTEREST","37","0","576","91","433","52","15.7986","20.3125","21.0069","-0.6944","Dark: Gamer","Dark: Gamer"
