"rank","tied","deckId","name","all_games","all_wins","all_losses","all_draws","all_winRate","all_scoreRate","greedy_games","greedy_wins","greedy_losses","greedy_draws","greedy_winRate","greedy_scoreRate","seeded_games","seeded_wins","seeded_losses","seeded_draws","seeded_winRate","seeded_scoreRate","base_games","base_wins","base_losses","base_draws","base_winRate","base_scoreRate","upgraded_games","upgraded_wins","upgraded_losses","upgraded_draws","upgraded_winRate","upgraded_scoreRate","first_games","first_wins","first_losses","first_draws","first_winRate","first_scoreRate","second_games","second_wins","second_losses","second_draws","second_winRate","second_scoreRate"
"1","false","element-air","Air","576","433","111","32","0.7517361111111112","0.7795138888888888","288","234","40","14","0.8125","0.8368055555555556","288","199","71","18","0.6909722222222222","0.7222222222222222","288","231","40","17","0.8020833333333334","0.8315972222222222","288","202","71","15","0.7013888888888888","0.7274305555555556","288","201","70","17","0.6979166666666666","0.7274305555555556","288","232","41","15","0.8055555555555556","0.8315972222222222"
"2","false","element-water","Water","576","433","115","28","0.7517361111111112","0.7760416666666666","288","228","49","11","0.7916666666666666","0.8107638888888888","288","205","66","17","0.7118055555555556","0.7413194444444444","288","209","62","17","0.7256944444444444","0.7552083333333334","288","224","53","11","0.7777777777777778","0.796875","288","201","66","21","0.6979166666666666","0.734375","288","232","49","7","0.8055555555555556","0.8177083333333334"
"3","false","mushroom-plant","Mushroom Garden","576","413","117","46","0.7170138888888888","0.7569444444444444","288","206","61","21","0.7152777777777778","0.7517361111111112","288","207","56","25","0.71875","0.7621527777777778","288","213","55","20","0.7395833333333334","0.7743055555555556","288","200","62","26","0.6944444444444444","0.7395833333333334","288","182","79","27","0.6319444444444444","0.6788194444444444","288","231","38","19","0.8020833333333334","0.8350694444444444"
"4","false","starter-squabblehouse-shift","SQUABBLEHOUSE SHIFT","576","411","131","34","0.7135416666666666","0.7430555555555556","288","230","47","11","0.7986111111111112","0.8177083333333334","288","181","84","23","0.6284722222222222","0.6684027777777778","288","215","55","18","0.7465277777777778","0.7777777777777778","288","196","76","16","0.6805555555555556","0.7083333333333334","288","190","78","20","0.6597222222222222","0.6944444444444444","288","221","53","14","0.7673611111111112","0.7916666666666666"
"5","false","focus-wonderland","Wonderland Return","576","394","129","53","0.6840277777777778","0.7300347222222222","288","207","56","25","0.71875","0.7621527777777778","288","187","73","28","0.6493055555555556","0.6979166666666666","288","204","57","27","0.7083333333333334","0.7552083333333334","288","190","72","26","0.6597222222222222","0.7048611111111112","288","171","84","33","0.59375","0.6510416666666666","288","223","45","20","0.7743055555555556","0.8090277777777778"
"6","false","cellblock-pressure","Cellblock Pressure","576","373","148","55","0.6475694444444444","0.6953125","288","201","59","28","0.6979166666666666","0.7465277777777778","288","172","89","27","0.5972222222222222","0.6440972222222222","288","191","70","27","0.6631944444444444","0.7100694444444444","288","182","78","28","0.6319444444444444","0.6805555555555556","288","156","99","33","0.5416666666666666","0.5989583333333334","288","217","49","22","0.7534722222222222","0.7916666666666666"
"7","false","element-dark","Dark","576","368","157","51","0.6388888888888888","0.6831597222222222","288","196","66","26","0.6805555555555556","0.7256944444444444","288","172","91","25","0.5972222222222222","0.640625","288","188","74","26","0.6527777777777778","0.6979166666666666","288","180","83","25","0.625","0.6684027777777778","288","154","105","29","0.5347222222222222","0.5850694444444444","288","214","52","22","0.7430555555555556","0.78125"
"8","false","element-electric","Electric","576","364","166","46","0.6319444444444444","0.671875","288","164","101","23","0.5694444444444444","0.609375","288","200","65","23","0.6944444444444444","0.734375","288","185","79","24","0.6423611111111112","0.6840277777777778","288","179","87","22","0.6215277777777778","0.6597222222222222","288","162","104","22","0.5625","0.6006944444444444","288","202","62","24","0.7013888888888888","0.7430555555555556"
"9","false","element-light","Light","576","351","171","54","0.609375","0.65625","288","179","87","22","0.6215277777777778","0.6597222222222222","288","172","84","32","0.5972222222222222","0.6527777777777778","288","197","65","26","0.6840277777777778","0.7291666666666666","288","154","106","28","0.5347222222222222","0.5833333333333334","288","147","114","27","0.5104166666666666","0.5572916666666666","288","204","57","27","0.7083333333333334","0.7552083333333334"
"10","false","focused-red-set","Blood / Red Set","576","337","187","52","0.5850694444444444","0.6302083333333334","288","177","92","19","0.6145833333333334","0.6475694444444444","288","160","95","33","0.5555555555555556","0.6128472222222222","288","198","72","18","0.6875","0.71875","288","139","115","34","0.4826388888888889","0.5416666666666666","288","130","131","27","0.4513888888888889","0.4982638888888889","288","207","56","25","0.71875","0.7621527777777778"
"11","false","focus-wiz","The Wiz","576","336","191","49","0.5833333333333334","0.6258680555555556","288","194","73","21","0.6736111111111112","0.7100694444444444","288","142","118","28","0.4930555555555556","0.5416666666666666","288","165","95","28","0.5729166666666666","0.6215277777777778","288","171","96","21","0.59375","0.6302083333333334","288","151","108","29","0.5243055555555556","0.5746527777777778","288","185","83","20","0.6423611111111112","0.6770833333333334"
"12","false","element-earth","Earth","576","337","196","43","0.5850694444444444","0.6223958333333334","288","211","59","18","0.7326388888888888","0.7638888888888888","288","126","137","25","0.4375","0.4809027777777778","288","181","81","26","0.6284722222222222","0.6736111111111112","288","156","115","17","0.5416666666666666","0.5711805555555556","288","147","116","25","0.5104166666666666","0.5538194444444444","288","190","80","18","0.6597222222222222","0.6909722222222222"
"13","false","focus-counterplay-coherent","Counterplay — Dark Control","576","324","197","55","0.5625","0.6102430555555556","288","152","110","26","0.5277777777777778","0.5729166666666666","288","172","87","29","0.5972222222222222","0.6475694444444444","288","154","103","31","0.5347222222222222","0.5885416666666666","288","170","94","24","0.5902777777777778","0.6319444444444444","288","143","122","23","0.4965277777777778","0.5364583333333334","288","181","75","32","0.6284722222222222","0.6840277777777778"
"14","false","focus-wave7-legends","Wave 7 Legends","576","290","214","72","0.5034722222222222","0.5659722222222222","288","144","112","32","0.5","0.5555555555555556","288","146","102","40","0.5069444444444444","0.5763888888888888","288","131","119","38","0.4548611111111111","0.5208333333333334","288","159","95","34","0.5520833333333334","0.6111111111111112","288","126","130","32","0.4375","0.4930555555555556","288","164","84","40","0.5694444444444444","0.6388888888888888"
"15","false","focus-earth-tax","Earth Tax and Finishers","576","299","225","52","0.5190972222222222","0.5642361111111112","288","154","114","20","0.5347222222222222","0.5694444444444444","288","145","111","32","0.5034722222222222","0.5590277777777778","288","154","103","31","0.5347222222222222","0.5885416666666666","288","145","122","21","0.5034722222222222","0.5399305555555556","288","125","132","31","0.4340277777777778","0.4878472222222222","288","174","93","21","0.6041666666666666","0.640625"
"16","false","focus-air-bond","Air Bond","576","276","245","55","0.4791666666666667","0.5269097222222222","288","161","105","22","0.5590277777777778","0.5972222222222222","288","115","140","33","0.3993055555555556","0.4565972222222222","288","120","130","38","0.4166666666666667","0.4826388888888889","288","156","115","17","0.5416666666666666","0.5711805555555556","288","117","146","25","0.40625","0.4496527777777778","288","159","99","30","0.5520833333333334","0.6041666666666666"
"17","false","focus-detective","Sherlock and Watson","576","273","244","59","0.4739583333333333","0.5251736111111112","288","134","124","30","0.4652777777777778","0.5173611111111112","288","139","120","29","0.4826388888888889","0.5329861111111112","288","127","130","31","0.4409722222222222","0.4947916666666667","288","146","114","28","0.5069444444444444","0.5555555555555556","288","127","134","27","0.4409722222222222","0.4878472222222222","288","146","110","32","0.5069444444444444","0.5625"
"18","false","starter-voltage","VOLTAGE IN MOTION","576","273","250","53","0.4739583333333333","0.5199652777777778","288","108","161","19","0.375","0.4079861111111111","288","165","89","34","0.5729166666666666","0.6319444444444444","288","144","116","28","0.5","0.5486111111111112","288","129","134","25","0.4479166666666667","0.4913194444444444","288","122","144","22","0.4236111111111111","0.4618055555555556","288","151","106","31","0.5243055555555556","0.578125"
"19","false","focus-cellblock","Cellblock Lane Sequence","576","271","253","52","0.4704861111111111","0.515625","288","152","120","16","0.5277777777777778","0.5555555555555556","288","119","133","36","0.4131944444444444","0.4756944444444444","288","141","121","26","0.4895833333333333","0.5347222222222222","288","130","132","26","0.4513888888888889","0.4965277777777778","288","106","156","26","0.3680555555555556","0.4131944444444444","288","165","97","26","0.5729166666666666","0.6180555555555556"
"20","false","element-plant","Plant","576","262","262","52","0.4548611111111111","0.5","288","137","122","29","0.4756944444444444","0.5260416666666666","288","125","140","23","0.4340277777777778","0.4739583333333333","288","151","102","35","0.5243055555555556","0.5850694444444444","288","111","160","17","0.3854166666666667","0.4149305555555556","288","121","143","24","0.4201388888888889","0.4618055555555556","288","141","119","28","0.4895833333333333","0.5381944444444444"
"21","false","focus-poison-entry","Poison Entry Punishment","576","241","269","66","0.4184027777777778","0.4756944444444444","288","125","127","36","0.4340277777777778","0.4965277777777778","288","116","142","30","0.4027777777777778","0.4548611111111111","288","107","147","34","0.3715277777777778","0.4305555555555556","288","134","122","32","0.4652777777777778","0.5208333333333334","288","106","148","34","0.3680555555555556","0.4270833333333333","288","135","121","32","0.46875","0.5243055555555556"
"22","false","element-fire","Fire","576","234","289","53","0.40625","0.4522569444444444","288","120","148","20","0.4166666666666667","0.4513888888888889","288","114","141","33","0.3958333333333333","0.453125","288","148","111","29","0.5138888888888888","0.5642361111111112","288","86","178","24","0.2986111111111111","0.3402777777777778","288","76","182","30","0.2638888888888889","0.3159722222222222","288","158","107","23","0.5486111111111112","0.5885416666666666"
"23","false","focus-cellblock-classic","Cellblock — No Kingpin","576","228","290","58","0.3958333333333333","0.4461805555555556","288","124","143","21","0.4305555555555556","0.4670138888888889","288","104","147","37","0.3611111111111111","0.4253472222222222","288","115","140","33","0.3993055555555556","0.4565972222222222","288","113","150","25","0.3923611111111111","0.4357638888888889","288","91","169","28","0.3159722222222222","0.3645833333333333","288","137","121","30","0.4756944444444444","0.5277777777777778"
"24","false","element-poison","Poison","576","219","298","59","0.3802083333333333","0.4314236111111111","288","116","143","29","0.4027777777777778","0.453125","288","103","155","30","0.3576388888888889","0.4097222222222222","288","104","145","39","0.3611111111111111","0.4288194444444444","288","115","153","20","0.3993055555555556","0.4340277777777778","288","98","168","22","0.3402777777777778","0.3784722222222222","288","121","130","37","0.4201388888888889","0.484375"
"25","false","focus-fire-guap","Fire Pressure","576","215","303","58","0.3732638888888889","0.4236111111111111","288","125","143","20","0.4340277777777778","0.46875","288","90","160","38","0.3125","0.3784722222222222","288","141","112","35","0.4895833333333333","0.5503472222222222","288","74","191","23","0.2569444444444444","0.296875","288","82","181","25","0.2847222222222222","0.328125","288","133","122","33","0.4618055555555556","0.5190972222222222"
"26","false","starter-block","THE BLOCK IS HOT","576","188","317","71","0.3263888888888889","0.3880208333333333","288","93","165","30","0.3229166666666667","0.375","288","95","152","41","0.3298611111111111","0.4010416666666667","288","77","167","44","0.2673611111111111","0.34375","288","111","150","27","0.3854166666666667","0.4322916666666667","288","68","178","42","0.2361111111111111","0.3090277777777778","288","120","139","29","0.4166666666666667","0.4670138888888889"
"27","false","focused-blue-set","Crip / Blue Set","576","197","334","45","0.3420138888888889","0.3810763888888889","288","60","206","22","0.20833333333333334","0.2465277777777778","288","137","128","23","0.4756944444444444","0.515625","288","96","162","30","0.3333333333333333","0.3854166666666667","288","101","172","15","0.3506944444444444","0.3767361111111111","288","81","185","22","0.28125","0.3194444444444444","288","116","149","23","0.4027777777777778","0.4427083333333333"
"28","false","starter-receipts","RECEIPTS","576","174","338","64","0.3020833333333333","0.3576388888888889","288","80","186","22","0.2777777777777778","0.3159722222222222","288","94","152","42","0.3263888888888889","0.3993055555555556","288","85","174","29","0.2951388888888889","0.3454861111111111","288","89","164","35","0.3090277777777778","0.3697916666666667","288","57","198","33","0.19791666666666666","0.2552083333333333","288","117","140","31","0.40625","0.4600694444444444"
"29","false","focus-demario-luigion","Demario and Luigion","576","180","349","47","0.3125","0.3532986111111111","288","71","198","19","0.2465277777777778","0.2795138888888889","288","109","151","28","0.3784722222222222","0.4270833333333333","288","83","179","26","0.2881944444444444","0.3333333333333333","288","97","170","21","0.3368055555555556","0.3732638888888889","288","72","194","22","0.25","0.2881944444444444","288","108","155","25","0.375","0.4184027777777778"
"30","false","starter-vibes","GOOD VIBES ONLY","576","164","360","52","0.2847222222222222","0.3298611111111111","288","90","181","17","0.3125","0.3420138888888889","288","74","179","35","0.2569444444444444","0.3177083333333333","288","75","185","28","0.2604166666666667","0.3090277777777778","288","89","175","24","0.3090277777777778","0.3506944444444444","288","63","199","26","0.21875","0.2638888888888889","288","101","161","26","0.3506944444444444","0.3958333333333333"
"31","false","focus-counterplay","Counterplay","576","150","366","60","0.2604166666666667","0.3125","288","63","194","31","0.21875","0.2725694444444444","288","87","172","29","0.3020833333333333","0.3524305555555556","288","43","210","35","0.14930555555555555","0.21006944444444445","288","107","156","25","0.3715277777777778","0.4149305555555556","288","51","211","26","0.17708333333333334","0.2222222222222222","288","99","155","34","0.34375","0.4027777777777778"
"32","false","starter-crashout","CRASHOUT SEASON","576","145","375","56","0.2517361111111111","0.3003472222222222","288","61","199","28","0.21180555555555555","0.2604166666666667","288","84","176","28","0.2916666666666667","0.3402777777777778","288","64","195","29","0.2222222222222222","0.2725694444444444","288","81","180","27","0.28125","0.328125","288","50","214","24","0.1736111111111111","0.2152777777777778","288","95","161","32","0.3298611111111111","0.3854166666666667"
"33","false","focus-late-scaling","Late Scaling","576","128","391","57","0.2222222222222222","0.2717013888888889","288","49","212","27","0.1701388888888889","0.2170138888888889","288","79","179","30","0.2743055555555556","0.3263888888888889","288","41","212","35","0.1423611111111111","0.203125","288","87","179","22","0.3020833333333333","0.3402777777777778","288","52","211","25","0.18055555555555555","0.22395833333333334","288","76","180","32","0.2638888888888889","0.3194444444444444"
"34","false","starter-slide","SLIDE THRU","576","116","417","43","0.2013888888888889","0.2387152777777778","288","60","213","15","0.20833333333333334","0.234375","288","56","204","28","0.19444444444444445","0.24305555555555555","288","41","225","22","0.1423611111111111","0.18055555555555555","288","75","192","21","0.2604166666666667","0.296875","288","35","229","24","0.12152777777777778","0.16319444444444445","288","81","188","19","0.28125","0.3142361111111111"
"35","false","starter-combo","WHO YOU KNOW","576","105","424","47","0.18229166666666666","0.2230902777777778","288","31","236","21","0.1076388888888889","0.1440972222222222","288","74","188","26","0.2569444444444444","0.3020833333333333","288","24","240","24","0.08333333333333333","0.125","288","81","184","23","0.28125","0.3211805555555556","288","35","230","23","0.12152777777777778","0.16145833333333334","288","70","194","24","0.24305555555555555","0.2847222222222222"
"36","false","focus-wave7-tempo","Wave 7 Tempo","576","101","432","43","0.1753472222222222","0.2126736111111111","288","53","220","15","0.1840277777777778","0.21006944444444445","288","48","212","28","0.16666666666666666","0.2152777777777778","288","24","236","28","0.08333333333333333","0.13194444444444445","288","77","196","15","0.2673611111111111","0.2934027777777778","288","26","247","15","0.09027777777777778","0.11631944444444445","288","75","185","28","0.2604166666666667","0.3090277777777778"
"37","false","starter-compound","COMPOUND INTEREST","576","91","433","52","0.1579861111111111","0.203125","288","28","246","14","0.09722222222222222","0.12152777777777778","288","63","187","38","0.21875","0.2847222222222222","288","31","229","28","0.1076388888888889","0.15625","288","60","204","24","0.20833333333333334","0.25","288","33","234","21","0.11458333333333333","0.15104166666666666","288","58","199","31","0.2013888888888889","0.2552083333333333"
