"rank","deckId","deckName","card1Id","card1Name","card2Id","card2Name","card3Id","card3Name","card4Id","card4Name","card5Id","card5Name","card6Id","card6Name","card7Id","card7Name","card8Id","card8Name","card9Id","card9Name","card10Id","card10Name"
"1","focused-red-set","Blood / Red Set","triple-og-red","RED PUNCH","block-spinner","BLOCK SPINNER","redside1","Red Plaid Petey","ganger-red","Ganger Red","cane-corso-red","Cane Corso (Red)","initiation","INITIATION","guap","GUAP","folks","FOLKS","cognac","Cognac Bottle","bustdown","Bust-Down Watch"
"2","element-water","Water","monsoonanchor","Gas Station Sushi Chef","conductor","Last Train Conductor","vibe","Cool Vibe YN","waterboy","Water Boy","laundry","Laundromat Regular","alchy","Alchy","icecream","Ice Cream Truck","stillwatermedic","Hot Tub Hottie","riptidebruiser","Gator Boy","watson","Watson"
"3","focus-wonderland","Wonderland Return","alice","Alice","cheshire","Cheshire","queenofhearts","Queen of Hearts","mrrabbit","Mr Rabbit","dorothy","Dorothy","laundry","Laundromat Regular","waterboy","Water Boy","guap","GUAP","alchy","Alchy","madhatter","Mad Hatter"
"4","starter-squabblehouse-shift","SQUABBLEHOUSE SHIFT","squabble-house-manager","Squabble House Manager","squabblehouse-bus-boy","Squabblehouse Bus Boy","squabblehouse-cashier","Squabblehouse Cashier","squabblehouse-security","Squabblehouse Security","squabblehouse-teknician","Squabblehouse Teknician","griddle-master","Griddle Master","inmate-reformed","Inmate Reformed","janitor","Janitor","waffle-warlord","Waffle Warlord","sideofhands","A Side of Hands"
"5","mushroom-plant","Mushroom Garden","demario","Demario","luigion","Luigion","gardener","Rooftop Gardener","sprout","OG Vegan","rootnurse","Matcha Freak","canopykeeper","Performative Male","gardenwall","A Spare Gus","hair-stylist","Hair Stylist","stylist","Stylist","black-cowboy","Black Cowboy"
"6","focus-fire-guap","Fire and GUAP","guap","GUAP","folks","FOLKS","hooper","Hooper","bbldemon","BBL Demon","cornercoach","Corner Coach","cognac","Cognac Bottle","krump","Krump","dancecaptain","Dance Circle Captain","og","OG Uncle","baby","Baby Momma"
"7","cellblock-pressure","Cellblock Pressure","inmate-crafty","Inmate Crafty","inmate-boyfriend","Inmate Boyfriend","inmate-informant","Inmate Informant","inmate-contraband","Inmate Contraband","lebron-james","Regular guy named LeBron James","bustdown","Bust-Down Watch","cognac","Cognac Bottle","tinman","Tin Man","counter","Shotta","roaster","All Jokes Roaster"
"8","element-fire","Fire","guap","GUAP","folks","FOLKS","hooper","Hooper","bbldemon","BBL Demon","cornercoach","Corner Coach","krump","Krump","og","OG Uncle","baby","Baby Momma","youngbull","Young Bull","kyle","KYLE"
"9","element-electric","Electric","circuitcaptain","Electrician Foreman","piratedj","Pirate Radio DJ","tron","TRON","plug","Plug","wiretap","E.V. Enthusiast","batteryback","Game Developer","livewire","Dominican Phone Salesman","tinman","Tin Man","techbro","Techbro Rich","bossbabe","Boss Bae"
"10","focus-wiz","The Wiz","dorothy","Dorothy","scarecrow","Scarecrow","tinman","Tin Man","oz","Oz","lion","Lion","passportbro","Passport Bro","break","Break","bboy","Bboy","wickedwitch","Wicked Witch","flyingmonkeys","Flying Monkeys"
"11","element-light","Light","abuela","Abuela","church","Church Auntie","nightmedic","Night Shift Medic","foodz","Foodz","drfade","Dr. Fade","pinaynurse","Pinay Nurse","crossingguard","Crossing Guard","leroy","Leroy","yasuke","Yasuke","homeless-wiseman","Homeless Wiseman"
"12","focus-wave7-legends","Wave 7 Legends","ashlee","Ashlee","captainjigga","Captain Jigga","counter","Shotta","tayaty","Bad Lil Cousin Tayaty","youngbull","Young Bull","honestthot","Honest Thot","buspass","Bus Pass","soulfood","Soul Food","cognac","Cognac Bottle","bustdown","Bust-Down Watch"
"13","element-air","Air","slipstream","The Flight Plug","promoter","Promoter","captainjigga","Captain Jigga","honestthot","Honest Thot","gust","Big City Pigeon","crosswind","Baby Crying on an Airplane","cloudbreak","Airheaded Model","ptang","P. Tang","ogdominican","OG Dominican","cheshire","Cheshire"
"14","element-dark","Dark","counter","Shotta","gamer","Gamer","gothkid","Goth Kid","nerd","Closet Nerd","redpill","Red Pill","shonuff","Sho'Nuff","queenofhearts","Queen of Hearts","repoman","Repo Man","thefeds","The Feds","chessregular","Chess Regular"
"15","focus-cellblock","Cellblock Lane Sequence","inmate-crafty","Inmate Crafty","inmate-boyfriend","Inmate Boyfriend","inmate-informant","Inmate Informant","inmate-contraband","Inmate Contraband","inmate-kingpin","Inmate Kingpin","lebron-james","Regular guy named LeBron James","bustdown","Bust-Down Watch","cognac","Cognac Bottle","rastamon","Rastamon","wifey","Wifey"
"16","focus-counterplay-coherent","Counterplay — Dark Control","counter","Shotta","gamer","Gamer","gothkid","Goth Kid","nerd","Closet Nerd","redpill","Red Pill","buddy","BUDDY","wifey","Wifey","pinaynurse","Pinay Nurse","plug","Plug","bustdown","Bust-Down Watch"
"17","starter-voltage","VOLTAGE IN MOTION","batteryback","Game Developer","circuitcaptain","Electrician Foreman","wiretap","E.V. Enthusiast","livewire","Dominican Phone Salesman","stockz","STOCKZ","bossbabe","Boss Bae","plug","Plug","streamer","Live Streamer","techbro","Techbro Rich","bikelife","Bikelife YN"
"18","focus-air-bond","Air Bond","honestthot","Honest Thot","ashlee","Ashlee","captainjigga","Captain Jigga","roaster","All Jokes Roaster","bikelife","Bikelife YN","vibe","Cool Vibe YN","buspass","Bus Pass","soulfood","Soul Food","cognac","Cognac Bottle","bustdown","Bust-Down Watch"
"19","focus-detective","Sherlock and Watson","sherlock","Sherlock","watson","Watson","crossingguard","Crossing Guard","nightmedic","Night Shift Medic","wifey","Wifey","counter","Shotta","oz","Oz","rastamon","Rastamon","bustdown","Bust-Down Watch","tinman","Tin Man"
"20","element-earth","Earth","torta","Torta","concrete","Balikbayan Box Bot","mansamusa","Mansa Musa","johnhenry","John Henry","asphaltapostle","The Asphalt Apostle","landlord","Landlord","bigzoey","Big Zoey","stud","STUD","bouncer","Bouncer","lion","Lion"
"21","focus-earth-tax","Earth Tax and Finishers","landlord","Landlord","bigzoey","Big Zoey","stud","STUD","torta","Torta","concrete","Balikbayan Box Bot","mansamusa","Mansa Musa","johnhenry","John Henry","partytitan","Block Party Titan","asphaltapostle","The Asphalt Apostle","failedathlete","Failed Athlete"
"22","element-plant","Plant","canopykeeper","Performative Male","ashlee","Ashlee","gardener","Rooftop Gardener","sprout","OG Vegan","rootnurse","Matcha Freak","gardenwall","A Spare Gus","streetapostle","The Street Apostle","homelesslegend","Homeless Legend","rastamon","Rastamon","lola","Lola"
"23","focus-poison-entry","Poison Entry Punishment","bottle","Bottle Girl","colognecriminal","Cologne Criminal","nail","Nail Tech","mural","Mural Apprentice","fein","Fein","simmy","Simmy","bbldemon","BBL Demon","roaster","All Jokes Roaster","plug","Plug","wifey","Wifey"
"24","focus-cellblock-classic","Cellblock — No Kingpin","inmate-crafty","Inmate Crafty","inmate-boyfriend","Inmate Boyfriend","inmate-informant","Inmate Informant","inmate-contraband","Inmate Contraband","lebron-james","Regular guy named LeBron James","bustdown","Bust-Down Watch","cognac","Cognac Bottle","rastamon","Rastamon","wifey","Wifey","stud","STUD"
"25","starter-block","THE BLOCK IS HOT","cornball","Cornball","snow","Snow Bunny","roaster","All Jokes Roaster","rastamon","Rastamon","wifey","Wifey","oink","Officer Oink","baby","Baby Momma","buspass","Bus Pass","soulfood","Soul Food","cognac","Cognac Bottle"
"26","element-poison","Poison","bottle","Bottle Girl","nail","Nail Tech","mural","Mural Apprentice","fein","Fein","simmy","Simmy","colognecriminal","Cologne Criminal","seafoodassassin","Seafood Assassin","godofhookah","God of Hookah","buspass","Bus Pass","soulfood","Soul Food"
"27","focused-blue-set","Crip / Blue Set","triple-og-blue","CLUE COOKY","look-out","LOOK OUT","blueside1","OG Blue","ganger-blue","Ganger Blue","blue-nose-pit","Blue-Nose Pit","initiation","INITIATION","waterboy","Water Boy","alchy","Alchy","cognac","Cognac Bottle","bustdown","Bust-Down Watch"
"28","focus-demario-luigion","Demario and Luigion","demario","Demario","luigion","Luigion","rastamon","Rastamon","vibe","Cool Vibe YN","plug","Plug","bustdown","Bust-Down Watch","soulfood","Soul Food","black-cowboy","Black Cowboy","hair-stylist","Hair Stylist","stylist","Stylist"
"29","starter-receipts","RECEIPTS","cornball","Cornball","roaster","All Jokes Roaster","nerd","Closet Nerd","snow","Snow Bunny","plug","Plug","baby","Baby Momma","hooper","Hooper","buspass","Bus Pass","soulfood","Soul Food","cognac","Cognac Bottle"
"30","starter-vibes","GOOD VIBES ONLY","rastamon","Rastamon","wifey","Wifey","snow","Snow Bunny","vibe","Cool Vibe YN","hooper","Hooper","oink","Officer Oink","plug","Plug","buspass","Bus Pass","soulfood","Soul Food","cognac","Cognac Bottle"
"31","focus-counterplay","Counterplay","counter","Shotta","stud","STUD","pinaynurse","Pinay Nurse","wifey","Wifey","rastamon","Rastamon","gothkid","Goth Kid","buspass","Bus Pass","soulfood","Soul Food","cognac","Cognac Bottle","bustdown","Bust-Down Watch"
"32","starter-crashout","CRASHOUT SEASON","cornball","Cornball","rastamon","Rastamon","snow","Snow Bunny","wifey","Wifey","baby","Baby Momma","hooper","Hooper","roaster","All Jokes Roaster","buspass","Bus Pass","soulfood","Soul Food","cognac","Cognac Bottle"
"33","focus-late-scaling","Late Scaling","alchy","Alchy","icecream","Ice Cream Truck","waterboy","Water Boy","laundry","Laundromat Regular","stonersr","Stoner Sr.","foodz","Foodz","buspass","Bus Pass","soulfood","Soul Food","cognac","Cognac Bottle","bustdown","Bust-Down Watch"
"34","starter-slide","SLIDE THRU","cornball","Cornball","bikelife","Bikelife YN","vibe","Cool Vibe YN","plug","Plug","snow","Snow Bunny","hooper","Hooper","baby","Baby Momma","buspass","Bus Pass","soulfood","Soul Food","cognac","Cognac Bottle"
"35","starter-combo","WHO YOU KNOW","cornball","Cornball","plug","Plug","streamer","Live Streamer","gamer","Gamer","techbro","Techbro Rich","vibe","Cool Vibe YN","wifey","Wifey","buspass","Bus Pass","soulfood","Soul Food","cognac","Cognac Bottle"
"36","focus-wave7-tempo","Wave 7 Tempo","tayaty","Bad Lil Cousin Tayaty","youngbull","Young Bull","fein","Fein","redpill","Red Pill","simmy","Simmy","foodz","Foodz","buspass","Bus Pass","soulfood","Soul Food","cognac","Cognac Bottle","bustdown","Bust-Down Watch"
"37","starter-compound","COMPOUND INTEREST","cornball","Cornball","plug","Plug","streamer","Live Streamer","rastamon","Rastamon","gamer","Gamer","techbro","Techbro Rich","wifey","Wifey","buspass","Bus Pass","soulfood","Soul Food","cognac","Cognac Bottle"
