catalogId,engineId,name,faction,type,rarity,motion,hands,ability,effect,role,gap,newCharacter
"boo-boo-the-fool","boo-boo-the-fool","Boo Boo the Fool","Street Legends","Air","Uncommon","2","2","Wrong Address","On Reveal: Leave a Decoy here through next round. The next enemy character played or moved here takes 1 damage. If damage lands and Boo Boo is active, he moves to your weakest other open district and gains +1 Hand only if he arrives. One Decoy per side; each Boo Boo sets it once per match.","Arrival trap / escape","Sherlock can watch the other two districts while Boo makes the home district costly to enter. A blocked trap spends itself and gives no escape reward.","true"
"mr-mc-hands","mr-mc-hands","Mr. Mc Hands","Street Legends","Normal","Epic","4","4","All These Hands","On Reveal: Hit up to two different strongest enemy characters here for 2 damage each. Each strike separately respects defenses.","Two-target pressure","Normal and tempo builds get a contested-lane closer with two separately defended strikes instead of another giant single hit.","true"
"ms-mary-mack","ms-mary-mack","Ms. Mary Mack","Street Legends","Normal","Rare","3","2","Clap Back Rhythm","Ongoing: The first positive Hands gain on another local ally each round gives Mary +1 Hand and your weakest ally in another district +1 Hand. Three payouts per side per match. Shared gains cannot trigger the rhythm again.","Bounded cross-district growth","Normal investment and relationship builds can turn one genuine local gain into help elsewhere. One payout per round, three total, and copied gains cannot make an infinite chain.","true"
"pimp-swookie","pimp-swookie","Pimp Swookie","Street Legends","Poison","Epic","3","3","Say the Whole Name","On Reveal: Weaken the strongest enemy here and place a Name Check on it through next round. Its next positive Hands gain is reduced by up to 2, then the check is spent. One check per side. Defenses apply; withheld gains are not damage.","Anti-growth / gain check","Poison gains a response to stacking Hands: temporarily disable the strongest enemy and withhold part of its next gain. Withheld gains do not create injury or damage-counter rewards.","true"
"og-uncle-harley-davidson","og-uncle-harley-davidson","OG Uncle Harley Davidson","Street Legends","Earth","Legendary","4","5","Old Head, Open Road","On Reveal: Move to your weakest other open district. Only if you arrive, gain +1 Hand and give your weakest other ally there +2 Hands.","Mobile support finisher","Earth and movement builds can put a strong body and a support payout into their weakest legal district. Both gains require actual arrival.","true"
"suga-mama","suga-mama","Suga Mama","Street Legends","Light","Legendary","3","3","Auntie Got It","On Reveal: Give your weakest other ally anywhere +2 Hands and Cleanse it. If its district is still trailing, Protect it.","Remote rescue / investment","Light and relationship builds can support an ally anywhere, cleanse hostile statuses, and protect it when its district remains behind.","true"
"side-chick","side-chick","Side Chick","Street Legends","Poison","Rare","2","2","Not Your Family","On Reveal: Hit the strongest enemy Baby Momma anywhere for 3 damage and Weaken her in one hostile package. If no enemy Baby Momma is on the board, hit the strongest enemy here for 1 instead. Defenses apply.","Baby Momma counter / playable fallback","Specifically weakens an enemy Baby Momma across the board. Never attacks your Baby Momma; without an enemy Baby Momma, still has a local one-damage job.","true"
"gas-station-window-wiper","gas-station-window-wiper","Gas Station Window Wiper","Street Legends","Water","Uncommon","1","2","You Ain't Ask","On Reveal: Move to your weakest other open district. Only if you arrive, hit its strongest enemy for 1.","Cheap movement / chip","Water and movement builds get a one-Motion route starter whose attack requires reaching the destination. Useful alongside existing movement payoffs.","true"
"parole-officer","parole-officer","Parole Officer","Street Legends","Earth","Rare","3","3","Violation","On Reveal: Put a movement-only Curfew on the strongest enemy here through next round. Post a Check-In here through next round: the first enemy character that moves here each round takes 2 damage. One Check-In per district per side. Defenses apply; Curfew can be cleansed.","Curfew / movement trap","Sherlock control gets a separate way to restrict a threatening enemy and punish arrivals by movement. Its movement Curfew is temporary and cleanseable; it does not cancel an entrance that already resolved.","true"
"work-hubby","work-hubby","The Work Hubby","Street Legends","Normal","Uncommon","2","2","Lunch Break Loyalty","On Reveal: Protect your weakest other ally here and give it a Lunch Bond through next round. Its next genuine Hands gain gives an active Work Hubby +1 Hand. One pending Bond per side; each Work Hubby issues one per match. Shared gains do not pay.","Protection / gain bond","Relationship and Normal investment get a low-cost bodyguard and a one-time gain payoff. Shared gains cannot repay Lunch Bond repeatedly.","true"
"he-just-a-friend","he-just-a-friend","The Guy She Told You Not to Worry About","Street Legends","Air","Rare","3","3","He Just a Friend","On Reveal: If the strongest enemy here has more Hands than this card, move it to its weakest other open district. Gain +2 Hands only if it arrives. Otherwise Protect your weakest other ally here. Defenses and capacity apply.","Relocation of a stronger enemy","Air and relationship pressure can pull a bigger body off the contested district. Blocked or illegal movement gives no self-buff; the alternative Protect keeps the card useful against smaller enemies.","true"
"crazy-ex-boyfriend","crazy-ex-boyfriend","Crazy Ex-Boyfriend","Street Legends","Dark","Epic","3","3","You Up?","On Reveal: Mark the strongest enemy anywhere for one chase at next round start. Move into its district if legal, then hit it for 2 only after arriving or if already there. In the final round, hit the strongest enemy here for 2 instead. One pending chase per side; each Ex books one per match.","Telegraphed remote chase","Dark and relationships get delayed pressure against a visible target. Enemy routing, source disabling, and capacity can stop the chase; the final-round local fallback avoids a dead timer.","true"
"uncle-sam","uncle-sam","Uncle Sam","Street Legends","Earth","Legendary","4","4","PAY WHAT YOU OWE","On Reveal: Confiscate up to 3 removable bonus Hands from the local enemy with the most bonus and gain the amount actually taken. Never takes printed Hands or creates healing credit. If nobody has bonus, Audit here through next round: the next enemy character played here costs +1 Motion. One pending Audit per side.","Investment tax / tempo audit","Earth and control get an answer to removable bonus Hands. He steals only what is actually confiscated and never creates healing credit; uninvested boards instead receive a one-deployment Motion tax.","true"
"apartment-maintenance-sage","apartment-maintenance-sage","Apartment Maintenance Sage","Street Legends","Light","Rare","3","3","I GOT A KEY FOR THAT","On Reveal: Cleanse your weakest other ally here and remove its timed movement restriction, then move it to your weakest other open district. Protect it only if it arrives. Capacity, district detention and story closures still apply.","Cleanse / legal rescue route","Light, movement, and Sherlock control get a way to free an ally from a timed movement restriction and route it to a weak district. This also supplies the first leg of Fitness Circuit; it never bypasses capacity, district detention, or story closure.","true"
"bail-bonds-auntie","bail-bonds-auntie","The Bail Bonds Auntie","Street Legends","Poison","Rare","2","2","Sign Here","On Reveal: Give your weakest other local ally a Bail Bond through next round. Redirect its next targeted hostile ability to an active Auntie once. If she takes damage or a new harmful status, arm a credit through next round: your next Poison character played in another district refunds 1 Motion after a successful entrance. One Bond and credit per side.","Targeted interception / earned Poison tempo","The original thirtieth entry fills Poison’s defensive tempo gap. A real hostile hit or newly applied harmful status must land on Auntie before the later successful off-district Poison entrance earns its refund.","true"
"the-opening-act","the-opening-act","The Opening Act","Music Industry","Air","Common","1","2","Soundcheck","On Reveal: Prepare your weakest other unlocked district through next round. Your next different Music character played there refunds 1 Motion after a successful entrance. One pending Soundcheck per side; one refund per side per match.","Stage setup / earned refund","Music gets a cheap opener that prepares a different district. Refund needs a different Music character with a successful real entrance; echoes and failed entrances cannot cash it out.","true"
"the-dj","the-dj","The DJ","Music Industry","Electric","Rare","2","3","Spinback","On Reveal: Return your weakest other movable Music character here costing 3 or less to hand. Its next deployment costs 1 less Motion, minimum 1, through next round. One successful Spinback per side per match; returning never resets limits.","One return / replay opportunity","Music can replay one low-cost entrance while keeping ownership, progression, and once-only limits. The minimum-one deployment discount expires next round and cannot generate free infinite returns.","true"
"the-hype-man","the-hype-man","The Hype Man","Music Industry","Air","Uncommon","2","3","Say It Back","On Reveal: Call your weakest other Music ally anywhere through next round. Your next different Music character played in another district gives the caller and responder +1 Hand each and Protects the caller. One Call per side; caller and Hype Man must remain active.","Call and response / distribute strength","Music is rewarded for playing to another stage: caller and responder gain Hands, and the caller gets protection. Source and caller must remain active.","true"
"the-manager-nice","the-manager-nice","The Manager — Nice","Music Industry","Light","Rare","2","3","Read the Contract","On Reveal: Insure your next other Music deployment through next round. If its entrance is canceled or queued by an enemy, refund 1 Motion once; otherwise Protect it after its entrance. That deployment spends the rider either way. One rider per side.","Cancellation insurance / protection","Music can plan around Sherlock and enemy delays without undoing the counter. The next deployment spends the rider; either the actual interruption refunds one Motion or a normal entrance gets protection.","true"
"the-rapper","the-rapper","The Rapper","Music Industry","Fire","Rare","3","4","Sixteen Bars","Ongoing: Once per round, a different Music ally successfully resolving an entrance here makes Rapper hit the strongest local enemy for 1. Separately once per round, a successful Music entrance elsewhere gives the weakest ally there +1 Hand. Echoes do not count; copies share both limits.","Repeated performance payoff","Music has a persistent reason to keep performing: local successful entrances pressure an enemy; remote ones support that stage. Separate shared once-per-round caps prevent a copied Rapper pile from multiplying every play.","true"
"the-janky-promoter","the-janky-promoter","The Janky Promoter","Music Industry","Dark","Rare","3","3","Wrong Address","On Reveal: Post a public bogus booking in the enemy’s weakest other unlocked district through next round. Their next character played or moved there takes 1 damage; only if damage lands, it is Weakened. The trap is spent even if blocked. One booking per side.","Public remote booking trap","Music can pressure an opponent’s weakest other district. The booking hits the next played or moved character and weakens only after real damage; Protection can spend it harmlessly.","true"
"the-local-celebrity","the-local-celebrity","The Local Celebrity","Music Industry","Air","Rare","3","4","Everybody Watching","Ongoing: Once per round, after an enemy actually damages a different friendly Music character in another district, move Celebrity there if legal. Gain +1 Hand only if the move succeeds. Copies share the trigger; blocked hits and friendly damage do not count.","Damage-responsive route","Music can react to an actual enemy hit on another performer. Celebrity must legally arrive before gaining Hands; a blocked hit or friendly damage gives no trigger.","true"
"the-battle-rapper","the-battle-rapper","The Battle Rapper","Music Industry","Poison","Epic","3","4","Diss Track","On Reveal: Trim up to 2 bonus Hands from the strongest enemy here; if it has no bonus, hit it for 2 instead. If this changes the target, mark it through next round: its next positive Hands gain causes one Silence attempt. That gain remains. Protection and immunity apply.","Bonus removal / gain punishment","Music and Poison can trim investment or deal damage, then threaten a single Silence attempt after the victim’s next genuine gain. The gain stays and defenses still apply.","true"
"the-manager-evil","the-manager-evil","The Manager — Evil","Music Industry","Dark","Epic","4","5","360 Deal","On Reveal: Give your strongest other local Music ally +3 Hands and prevent its movement through next round. At expiry, transfer up to 2 remaining bonus Hands to an active surviving Evil Manager. Cleansing cancels the contract without clearing other Locks. One contract per side; each client signs once per match.","Timed investment / royalties","Music trades a client’s mobility for immediate strength, then transfers only surviving removable bonus into the manager. Cleansing cancels the deal; royalties are a transfer, not damage or injury.","true"
"the-og-rap-legend","the-og-rap-legend","The OG Rap Legend","Music Industry","Light","Legendary","5","6","Pass the Torch","On Reveal: Repeat the weakest other active Music ally’s successful entrance, printed cost 3 or less, at its current district, then Protect it. Give the weakest Music ally in each other district +1 Hand. One Torch per side per match; once-only limits stay spent and passives are never repeated.","Selective reprise / distributed finale","A five-Motion finisher repeats one successful eligible Music entrance and supports other districts. It cannot repeat a passive, unsuccessful entrance, higher-cost artist, or reopen once-only refunds.","true"
"fitness-bro","fitness-bro","Fitness Bro","Fitness","Normal","Uncommon","3","4","One More Rep","Ongoing: At round end, if you played another character in a different district this round, gain +2 Hands and record one Rep. At three Reps, gain Protection and stop. One Rep per round, up to three per match; copies share progress. Supports, tokens and echoes do not count.","Finite distributed-play growth","Fitness and Normal gain a three-rep engine for playing other characters in other districts. Three real rounds earn six Hands and Protection; supports, tokens, and echoes do not count.","true"
"fitness-girl","fitness-girl","Fitness Girl","Fitness","Water","Uncommon","2","3","Active Recovery","On Reveal: Move to your weakest other open district. After a successful move, restore up to 2 actual damage and remove Burn from your weakest injured other ally there. If nobody is injured, remove Burn from your weakest burning other ally there instead. A failed move gives no recovery.","Recovery earned by movement","Water and Fitness can recover real recorded damage and clear Burn after a successful route. It does not convert bonus removal into healing or indiscriminately cleanse other statuses.","true"
"personal-trainer","personal-trainer","Personal Trainer","Fitness","Normal","Rare","3","4","Circuit Training","On Reveal: Train your weakest other ally here through next round. Its first successful move out gains +2 Hands. Its first later visit to the remaining third district gains +2 Hands and Protection. One circuit per side; each character can train once per match. Moving between only two districts never finishes.","Three-district movement objective","Movement decks gain a clear circuit objective: a first route pays two Hands and visiting the remaining third district pays two plus Protection. Bouncing between two districts cannot complete it.","true"
"demon-trainer","demon-trainer","Demon Trainer","Fitness","Fire","Epic","4","5","No Days Off","Ongoing: The first other friendly Fitness character destroyed by an enemy each round gives Demon +2 Hands and hits the strongest enemy in the fallen athlete’s district for 1. At most two payouts per side per match. Demon must already be active; sacrifices, tokens and friendly damage never count.","Enemy-defeat comeback","Fitness and Fire can turn two actual enemy-caused athlete losses into bounded revenge. Demon must already be active, and nonlethal hits, your sacrifices, and tokens do not count. Four Motion lets the comeback engine enter before the final round.","true"
"nail-tech","nail","Nail Tech","City Never Sleeps","Poison","Uncommon","2","3","Fresh Set","On Reveal: Give another friendly card here +2 Hands. The next time that card is hit by an enemy Hands reduction, reduce that loss by 1. Ongoing: While Nail Tech is in your hand, your other Poison characters on the board gain +1 Hands at round end.","Existing protection / Poison-in-hand support","Fresh Set keeps the existing save key, abilities, upgrades, and Poison identity. The art refresh matches the supplied Nail Tech; she provides neutral investment protection to Fitness and remains a Poison hand-support option.","false"
