name,catalogId,engineId,kind,rarity,move,effect,batch,reference,referenceExists,status,clipId,file,proposedClipId,qa
"Energy Drink","energy-drink","energydrink","support","Common","Second Wind","On Reveal: Restore 3 Motion, up to the 9-Motion cap.","support","/home/falcon/.codex/worktrees/all-updates-main-release/New project 9/artifacts/squabblemon/public/assets/characters/energy-drink.webp","true","unassigned","","","oa-energy-drink-v1","Not visually reviewed in this inventory"
"Phone Charger","phone-charger","charger","support","Common","Refund","On Reveal: Restore 1 Motion per friendly character here, up to 3. With at least 3 characters here, also Protect your weakest local Electric character.","support","/home/falcon/.codex/worktrees/all-updates-main-release/New project 9/artifacts/squabblemon/public/assets/characters/phone-charger.webp","true","unassigned","","","oa-phone-charger-v1","Not visually reviewed in this inventory"
"First Aid Kit","first-aid-kit","firstaid","support","Uncommon","Emergency Kit","On Reveal: Cleanse your weakest afflicted character here, or your weakest character if none is afflicted. Store one emergency kit: prevent up to 2 Hands of its next enemy damage before lethal resolution. One kit per target.","support","/home/falcon/.codex/worktrees/all-updates-main-release/New project 9/artifacts/squabblemon/public/assets/characters/first-aid-kit.webp","true","unassigned","","","oa-first-aid-kit-v1","Not visually reviewed in this inventory"
"Boombox","boombox","boombox","support","Uncommon","Turn It Up","On Reveal: Give every friendly character here +1 Hand. Leave one Encore through next round: the next friendly movement arrival here gains +1 Hand.","support","/home/falcon/.codex/worktrees/all-updates-main-release/New project 9/artifacts/squabblemon/public/assets/characters/boombox.webp","true","unassigned","","","oa-boombox-v1","Not visually reviewed in this inventory"
"Subway Map","subway-map","subwaymap","support","Common","Alternate Route","On Reveal: Move your lowest-Hands friendly character here to your weakest other district. If moved, give it +1 Hands.","support","/home/falcon/.codex/worktrees/all-updates-main-release/New project 9/artifacts/squabblemon/public/assets/characters/subway-map.webp","true","unassigned","","","oa-subway-map-v1","Not visually reviewed in this inventory"
"Buttahs","work-boots","workboots","support","Common","Stand Firm","On Reveal: Give your lowest-Hands friendly character here +2 Hands and protect it from one targeted hostile ability.","support","/home/falcon/.codex/worktrees/all-updates-main-release/New project 9/artifacts/squabblemon/public/assets/characters/work-boots.webp","true","unassigned","","","oa-work-boots-v1","Not visually reviewed in this inventory"
"Dorothy","dorothy","dorothy","character","Epic","No Place Like Home","On Reveal: Return your weakest other character here with a printed cost of 2 or less to your hand. Its next deployment costs 1 less Motion, minimum 1.","later-drop","/home/falcon/.codex/worktrees/all-updates-main-release/New project 9/artifacts/squabblemon/public/assets/characters/dorothy.webp","true","unassigned","","","oa-dorothy-v1","Not visually reviewed in this inventory"
"Scarecrow","scarecrow","scarecrow","character","Rare","Wrong Turn, Right Place","On Reveal: Swap districts with your weakest ally in another open district. If both can move, both gain +1 Hand.","later-drop","/home/falcon/.codex/worktrees/all-updates-main-release/New project 9/artifacts/squabblemon/public/assets/characters/scarecrow.webp","true","unassigned","","","oa-scarecrow-v1","Not visually reviewed in this inventory"
"Tin Man","tin-man","tinman","character","Rare","Heart Starter","Ongoing: The first other ally entering your district each round gains +1 Hand and Protection. Playing or moving an ally here qualifies.","later-drop","/home/falcon/.codex/worktrees/all-updates-main-release/New project 9/artifacts/squabblemon/public/assets/characters/tin-man.webp","true","unassigned","","","oa-tin-man-v1","Not visually reviewed in this inventory"
"Lion","lion","lion","character","Epic","Found My Courage","On Reveal: Gain Protection if you are alone here. Ongoing: Once per round, when another ally leaves your district, gain +2 Hands.","later-drop","/home/falcon/.codex/worktrees/all-updates-main-release/New project 9/artifacts/squabblemon/public/assets/characters/lion.webp","true","unassigned","","","oa-lion-v1","Not visually reviewed in this inventory"
"Oz","oz","oz","character","Mythical","The Grand Reveal","On Reveal: Once per match, repeat the most recent eligible other friendly character entrance still on the board, including earlier rounds. If that ally moved this round, it also gains +2 Hands. Cannot repeat ability-copying effects.","later-drop","/home/falcon/.codex/worktrees/all-updates-main-release/New project 9/artifacts/squabblemon/public/assets/characters/oz.webp","true","unassigned","","","oa-oz-v1","Not visually reviewed in this inventory"
"Alice","alice","alice","character","Rare","Drink Me / Eat Me","Ongoing: At round end, return to your hand once per match, except during the final round. Your next deployment gains +3 Hands and costs 1 less Motion, minimum 1.","later-drop","/home/falcon/.codex/worktrees/all-updates-main-release/New project 9/artifacts/squabblemon/public/assets/characters/alice.webp","true","unassigned","","","oa-alice-v1","Not visually reviewed in this inventory"
"Cheshire","cheshire","cheshire","character","Epic","The Smile Stays","Ongoing: The first ally returned to your hand each round leaves a 3-Hand Grin in its district. Maximum one friendly Grin per district.","later-drop","/home/falcon/.codex/worktrees/all-updates-main-release/New project 9/artifacts/squabblemon/public/assets/characters/cheshire.webp","true","unassigned","","","oa-cheshire-v1","Not visually reviewed in this inventory"
"Queen of Hearts","queen-of-hearts","queenofhearts","character","Legendary","Off With Their Heads","On Reveal: Execute the weakest enemy here if it has 4 or fewer Hands. A successful execution summons a 2-Hand Card Guard. Protection can block execution.","later-drop","/home/falcon/.codex/worktrees/all-updates-main-release/New project 9/artifacts/squabblemon/public/assets/characters/queen-of-hearts.webp","true","unassigned","","","oa-queen-of-hearts-v1","Not visually reviewed in this inventory"
"The Shootout","the-shootout","the-shootout","blockbuster","Rare","Crossfire","Deal 2 damage to every enemy character here, then 1 damage to your strongest friendly character here. Enemy Protection and defenses apply.","blockbuster","/home/falcon/.codex/worktrees/all-updates-main-release/New project 9/artifacts/squabblemon/public/assets/characters/the-shootout.webp","true","unassigned","","","oa-the-shootout-v1","Not visually reviewed in this inventory"
"The Block Spin","the-block-spin","the-block-spin","blockbuster","Epic","Run It Back Twice","On Reveal: Repeat every Hands reduction already dealt in this lane this round two more times on the same surviving characters still here. Repeated damage cannot repeat itself.","blockbuster","/home/falcon/.codex/worktrees/all-updates-main-release/New project 9/artifacts/squabblemon/public/assets/characters/the-block-spin.webp","true","unassigned","","","oa-the-block-spin-v1","Not visually reviewed in this inventory"
"The Sideshow","the-sideshow","the-sideshow","blockbuster","Rare","Clear the Intersection","On Reveal: Move all characters from both sides out of this lane, spreading them across the other open lanes. Locked cards stay.","blockbuster","/home/falcon/.codex/worktrees/all-updates-main-release/New project 9/artifacts/squabblemon/public/assets/characters/the-sideshow.webp","true","unassigned","","","oa-the-sideshow-v1","Not visually reviewed in this inventory"
"The Concert","the-concert","the-concert","blockbuster","Rare","Crowd Control","On Reveal: Choose: give every character on both sides here +1 Hand, or give them all -1 Hand.","blockbuster","/home/falcon/.codex/worktrees/all-updates-main-release/New project 9/artifacts/squabblemon/public/assets/characters/the-concert.webp","true","unassigned","","","oa-the-concert-v1","Not visually reviewed in this inventory"
"The Setup","the-setup","the-setup","blockbuster","Epic","Trust Nobody","Sacrifice your weakest character here. Your strongest remaining character here inherits its current Hands plus 2. Requires two friendly characters.","blockbuster","/home/falcon/.codex/worktrees/all-updates-main-release/New project 9/artifacts/squabblemon/public/assets/characters/the-setup.webp","true","unassigned","","","oa-the-setup-v1","Not visually reviewed in this inventory"
"The Dice Game","the-dice-game","the-dice-game","blockbuster","Rare","Best Two of Three","On Reveal: Wager 1–3 Motion (both sides must afford it). Each side rolls three D6; add the highest two. Winner takes the pot, up to 9 Motion. Ties refund both wagers.","blockbuster","/home/falcon/.codex/worktrees/all-updates-main-release/New project 9/artifacts/squabblemon/public/assets/characters/the-dice-game.webp","true","unassigned","","","oa-the-dice-game-v1","Not visually reviewed in this inventory"
"The After Party","the-after-party","the-after-party","blockbuster","Epic","One More Round","On Reveal: Extend this fight to 7 rounds. Additional After Parties do not extend it again.","blockbuster","/home/falcon/.codex/worktrees/all-updates-main-release/New project 9/artifacts/squabblemon/public/assets/characters/the-after-party.webp","true","unassigned","","","oa-the-after-party-v1","Not visually reviewed in this inventory"
"The Kickback","the-kickback","the-kickback","blockbuster","Rare","Everybody Pull Up","On Reveal: Move all characters on both sides into this lane. Locked cards and cards blocked by a lane lock stay.","blockbuster","/home/falcon/.codex/worktrees/all-updates-main-release/New project 9/artifacts/squabblemon/public/assets/characters/the-kickback.webp","true","unassigned","","","oa-the-kickback-v1","Not visually reviewed in this inventory"
"The Cookout","the-cookout","the-cookout","blockbuster","Epic","Hot Plate","Deliver two Soul Food meals to occupied friendly districts, cleansing and granting +1 Hand to the weakest character in each chosen district. Leave a Burnt Plate: at this round end, give one local friendly character 1 Burn, then remove the plate.","blockbuster","/home/falcon/.codex/worktrees/all-updates-main-release/New project 9/artifacts/squabblemon/public/assets/characters/the-cookout.webp","true","unassigned","","","oa-the-cookout-v1","Not visually reviewed in this inventory"
"The Baby Shower","the-babyshower","the-babyshower","blockbuster","Uncommon","New Blessings","On Reveal: Give every friendly character here +1 Hand, then draw one card if your deck has any left.","blockbuster","/home/falcon/.codex/worktrees/all-updates-main-release/New project 9/artifacts/squabblemon/public/assets/characters/the-babyshower.webp","true","unassigned","","","oa-the-babyshower-v1","Not visually reviewed in this inventory"
