productionBatch,name,catalogId,engineId,move,reference,status,generationId,attempt,accepted
00-pilots,Dr. Fade,dr-fade,drfade,The First Lesson,/home/falcon/.codex/worktrees/all-updates-main-release/New project 9/artifacts/squabblemon/public/assets/characters/dr-fade.webp,needs-reference-QA,,0,False
00-pilots,FOLKS,folks,folks,Whole Block Hot,/home/falcon/.codex/worktrees/all-updates-main-release/New project 9/artifacts/squabblemon/public/assets/characters/folks.webp,needs-reference-QA,,0,False
00-pilots,BUDDY,buddy,buddy,Buddy Buds,/home/falcon/.codex/worktrees/all-updates-main-release/New project 9/artifacts/squabblemon/public/assets/characters/buddy.webp,needs-reference-QA,,0,False
01-priority,Concrete,concrete,concrete,Set in Stone,/home/falcon/.codex/worktrees/all-updates-main-release/New project 9/artifacts/squabblemon/public/assets/characters/concrete.webp,needs-reference-QA,,0,False
01-priority,Counter,counter,counter,Mirror,/home/falcon/.codex/worktrees/all-updates-main-release/New project 9/artifacts/squabblemon/public/assets/characters/counter.webp,needs-reference-QA,,0,False
01-priority,Undercova Brotha,undercova-brotha,undercova,Inside Man,/home/falcon/.codex/worktrees/all-updates-main-release/New project 9/artifacts/squabblemon/public/assets/characters/undercova-brotha.webp,needs-reference-QA,,0,False
01-priority,Sugarfoot,sugarfoot,sugarfoot,Sweet Weakness,/home/falcon/.codex/worktrees/all-updates-main-release/New project 9/artifacts/squabblemon/public/assets/characters/sugarfoot.webp,needs-reference-QA,,0,False
01-priority,Juneteenth Chair Guy,juneteenth-chair-guy,juneteenth-chair-guy,Fold-Out Justice,/home/falcon/.codex/worktrees/all-updates-main-release/New project 9/artifacts/squabblemon/public/assets/characters/juneteenth-chair-guy.webp,needs-reference-QA,,0,False
01-priority,Homeless Wiseman,homeless-wiseman,homeless-wiseman,Told You.,/home/falcon/.codex/worktrees/all-updates-main-release/New project 9/artifacts/squabblemon/public/assets/characters/homeless-wiseman.webp,needs-reference-QA,,0,False
01-priority,Bonnet Girl,bonnet-girl,bonnetgirl,Now I’m Up,/home/falcon/.codex/worktrees/all-updates-main-release/New project 9/artifacts/squabblemon/public/assets/characters/bonnet-girl.webp,needs-reference-QA,,0,False
01-priority,Tattoo Artist,tattoo-artist,tattoo-artist,Permanent Ink,/home/falcon/.codex/worktrees/all-updates-main-release/New project 9/artifacts/squabblemon/public/assets/characters/tattoo-artist.webp,needs-reference-QA,,0,False
01-priority,The Mailman,the-mailman,mailman,Express Delivery,/home/falcon/.codex/worktrees/all-updates-main-release/New project 9/artifacts/squabblemon/public/assets/characters/the-mailman.webp,needs-reference-QA,,0,False
02-production,A Spare Gus,garden-wall,gardenwall,Personal Space Is Seasonal,/home/falcon/.codex/worktrees/all-updates-main-release/New project 9/artifacts/squabblemon/public/assets/characters/garden-wall.webp,needs-reference-QA,,0,False
02-production,Ahki,ahki,ahki,The Usual,/home/falcon/.codex/worktrees/all-updates-main-release/New project 9/artifacts/squabblemon/public/assets/characters/ahki.webp,needs-reference-QA,,0,False
02-production,Airheaded Model,cloudbreak,cloudbreak,"Wrong Gate, Great Lighting",/home/falcon/.codex/worktrees/all-updates-main-release/New project 9/artifacts/squabblemon/public/assets/characters/cloudbreak.webp,needs-reference-QA,,0,False
02-production,Alchy,alchy,alchy,Last Round,/home/falcon/.codex/worktrees/all-updates-main-release/New project 9/artifacts/squabblemon/public/assets/characters/alchy.webp,needs-reference-QA,,0,False
02-production,ATL Scammer,atl-scammer,atl-scammer,Pending Transfer,/home/falcon/.codex/worktrees/all-updates-main-release/New project 9/artifacts/squabblemon/public/assets/characters/atl-scammer.webp,needs-reference-QA,,0,False
02-production,Baby Crying on an Airplane,crosswind,crosswind,No Quiet Section,/home/falcon/.codex/worktrees/all-updates-main-release/New project 9/artifacts/squabblemon/public/assets/characters/crosswind.webp,needs-reference-QA,,0,False
02-production,BBL Demon,bbl-demon,bbldemon,Problem Energy,/home/falcon/.codex/worktrees/all-updates-main-release/New project 9/artifacts/squabblemon/public/assets/characters/bbl-demon.webp,needs-reference-QA,,0,False
02-production,BBL Nice,bbl-nice,bblnice,Good Company,/home/falcon/.codex/worktrees/all-updates-main-release/New project 9/artifacts/squabblemon/public/assets/characters/bbl-nice.webp,needs-reference-QA,,0,False
03-production,Bboy,bboy,bboy,Windmill,/home/falcon/.codex/worktrees/all-updates-main-release/New project 9/artifacts/squabblemon/public/assets/characters/bboy.webp,needs-reference-QA,,0,False
03-production,Big City Pigeon,gust,gust,Run Your Breadcrumbs,/home/falcon/.codex/worktrees/all-updates-main-release/New project 9/artifacts/squabblemon/public/assets/characters/gust.webp,needs-reference-QA,,0,False
03-production,Black Cowboy,black-cowboy,black-cowboy,Wanted,/home/falcon/.codex/worktrees/all-updates-main-release/New project 9/artifacts/squabblemon/public/assets/characters/black-cowboy.webp,needs-reference-QA,,0,False
03-production,Bouncer,bouncer,bouncer,Not on the List,/home/falcon/.codex/worktrees/all-updates-main-release/New project 9/artifacts/squabblemon/public/assets/characters/bouncer.webp,needs-reference-QA,,0,False
03-production,Break,break-dancer,break,Floor Sweep,/home/falcon/.codex/worktrees/all-updates-main-release/New project 9/artifacts/squabblemon/public/assets/characters/break-dancer.webp,needs-reference-QA,,0,False
03-production,Cologne Criminal,cologne-criminal,colognecriminal,You Can Still Smell Him,/home/falcon/.codex/worktrees/all-updates-main-release/New project 9/artifacts/squabblemon/public/assets/characters/cologne-criminal.webp,needs-reference-QA,,0,False
03-production,Corrupt Pastor,corrupt-pastor,corruptpastor,Collection Plate,/home/falcon/.codex/worktrees/all-updates-main-release/New project 9/artifacts/squabblemon/public/assets/characters/corrupt-pastor.webp,needs-reference-QA,,0,False
03-production,Demario,demario,demario,Mushroom Delivery,/home/falcon/.codex/worktrees/all-updates-main-release/New project 9/artifacts/squabblemon/public/assets/characters/demario.webp,needs-reference-QA,,0,False
04-production,Divorced Dad,divorced-dad,divorceddad,My Weekend,/home/falcon/.codex/worktrees/all-updates-main-release/New project 9/artifacts/squabblemon/public/assets/characters/divorced-dad.webp,needs-reference-QA,,0,False
04-production,DMV Worker,dmv-worker,dmvworker,Take a Number,/home/falcon/.codex/worktrees/all-updates-main-release/New project 9/artifacts/squabblemon/public/assets/characters/dmv-worker.webp,needs-reference-QA,,0,False
04-production,Dominican Phone Salesman,livewire,livewire,Switch Carriers,/home/falcon/.codex/worktrees/all-updates-main-release/New project 9/artifacts/squabblemon/public/assets/characters/livewire.webp,needs-reference-QA,,0,False
04-production,Dr. Umah,dr-umah,dr-umah,Group Project,/home/falcon/.codex/worktrees/all-updates-main-release/New project 9/artifacts/squabblemon/public/assets/characters/dr-umah.webp,needs-reference-QA,,0,False
04-production,E.V. Enthusiast,wiretap,wiretap,"Actually, It Charges Free",/home/falcon/.codex/worktrees/all-updates-main-release/New project 9/artifacts/squabblemon/public/assets/characters/wiretap.webp,needs-reference-QA,,0,False
04-production,Electrician Foreman,circuit-captain,circuitcaptain,Everybody on the Clock,/home/falcon/.codex/worktrees/all-updates-main-release/New project 9/artifacts/squabblemon/public/assets/characters/circuit-captain.webp,needs-reference-QA,,0,False
04-production,Energy Drink Freak,rainmaker,rainmaker,"Fourth Can, No Plan",/home/falcon/.codex/worktrees/all-updates-main-release/New project 9/artifacts/squabblemon/public/assets/characters/rainmaker.webp,needs-reference-QA,,0,False
04-production,Failed Athlete,failed-athlete,failedathlete,One Last Shot,/home/falcon/.codex/worktrees/all-updates-main-release/New project 9/artifacts/squabblemon/public/assets/characters/failed-athlete.webp,needs-reference-QA,,0,False
05-production,Failed Rapper,failed-rapper,failedrapper,One More Verse,/home/falcon/.codex/worktrees/all-updates-main-release/New project 9/artifacts/squabblemon/public/assets/characters/failed-rapper.webp,needs-reference-QA,,0,False
05-production,Fangirl,fangirl,fangirl,Day One,/home/falcon/.codex/worktrees/all-updates-main-release/New project 9/artifacts/squabblemon/public/assets/characters/fangirl.webp,needs-reference-QA,,0,False
05-production,Fein,fein,fein,One More,/home/falcon/.codex/worktrees/all-updates-main-release/New project 9/artifacts/squabblemon/public/assets/characters/fein.webp,needs-reference-QA,,0,False
05-production,Game Developer,battery-back,batteryback,Works on My Machine,/home/falcon/.codex/worktrees/all-updates-main-release/New project 9/artifacts/squabblemon/public/assets/characters/battery-back.webp,needs-reference-QA,,0,False
05-production,Gas Station Sushi Chef,monsoon-anchor,monsoonanchor,Trust the Cooler,/home/falcon/.codex/worktrees/all-updates-main-release/New project 9/artifacts/squabblemon/public/assets/characters/monsoon-anchor.webp,needs-reference-QA,,0,False
05-production,Gator Boy,riptide-bruiser,riptidebruiser,Emotional Support Gator,/home/falcon/.codex/worktrees/all-updates-main-release/New project 9/artifacts/squabblemon/public/assets/characters/riptide-bruiser.webp,needs-reference-QA,,0,False
05-production,God of Hookah,god-of-hookah,godofhookah,Pass the Hose,/home/falcon/.codex/worktrees/all-updates-main-release/New project 9/artifacts/squabblemon/public/assets/characters/god-of-hookah.webp,needs-reference-QA,,0,False
05-production,Goth Kid,goth-kid,gothkid,Dead Air,/home/falcon/.codex/worktrees/all-updates-main-release/New project 9/artifacts/squabblemon/public/assets/characters/goth-kid.webp,needs-reference-QA,,0,False
06-production,Grown-Man Fanboy,grown-man-fanboy,grownfanboy,He Doesn’t Know You,/home/falcon/.codex/worktrees/all-updates-main-release/New project 9/artifacts/squabblemon/public/assets/characters/grown-man-fanboy.webp,needs-reference-QA,,0,False
06-production,Hair Stylist,hair-stylist,hair-stylist,Blowout,/home/falcon/.codex/worktrees/all-updates-main-release/New project 9/artifacts/squabblemon/public/assets/characters/hair-stylist.webp,needs-reference-QA,,0,False
06-production,Hater,hater,hater,Must Be Nice,/home/falcon/.codex/worktrees/all-updates-main-release/New project 9/artifacts/squabblemon/public/assets/characters/hater.webp,needs-reference-QA,,0,False
06-production,Homeless Guy,homeless-guy,homelessguy,Nothing to Lose,/home/falcon/.codex/worktrees/all-updates-main-release/New project 9/artifacts/squabblemon/public/assets/characters/homeless-guy.webp,needs-reference-QA,,0,False
06-production,Homeless Legend,homeless-legend,homelesslegend,Built Different,/home/falcon/.codex/worktrees/all-updates-main-release/New project 9/artifacts/squabblemon/public/assets/characters/homeless-legend.webp,needs-reference-QA,,0,False
06-production,Homeless YN,homeless-yn,homelessyn,Still Standing,/home/falcon/.codex/worktrees/all-updates-main-release/New project 9/artifacts/squabblemon/public/assets/characters/homeless-yn.webp,needs-reference-QA,,0,False
06-production,Hot Tub Hottie,stillwater-medic,stillwatermedic,Soak Your Problems,/home/falcon/.codex/worktrees/all-updates-main-release/New project 9/artifacts/squabblemon/public/assets/characters/stillwater-medic.webp,needs-reference-QA,,0,False
06-production,Incel,incel,incel,Leave Me Alone,/home/falcon/.codex/worktrees/all-updates-main-release/New project 9/artifacts/squabblemon/public/assets/characters/incel.webp,needs-reference-QA,,0,False
07-production,Inmate Boyfriend,inmate-boyfriend,inmate-boyfriend,Looking Out,/home/falcon/.codex/worktrees/all-updates-main-release/New project 9/artifacts/squabblemon/public/assets/characters/inmate-boyfriend.webp,needs-reference-QA,,0,False
07-production,Inmate Contraband,inmate-contraband,inmate-contraband,Hidden Stash,/home/falcon/.codex/worktrees/all-updates-main-release/New project 9/artifacts/squabblemon/public/assets/characters/inmate-contraband.webp,needs-reference-QA,,0,False
07-production,Inmate Crafty,inmate-crafty,inmate-crafty,Make Do,/home/falcon/.codex/worktrees/all-updates-main-release/New project 9/artifacts/squabblemon/public/assets/characters/inmate-crafty.webp,needs-reference-QA,,0,False
07-production,Inmate Informant,inmate-informant,inmate-informant,Quiet Tip,/home/falcon/.codex/worktrees/all-updates-main-release/New project 9/artifacts/squabblemon/public/assets/characters/inmate-informant.webp,needs-reference-QA,,0,False
07-production,Inmate Kingpin,inmate-kingpin,inmate-kingpin,Run the Yard,/home/falcon/.codex/worktrees/all-updates-main-release/New project 9/artifacts/squabblemon/public/assets/characters/inmate-kingpin.webp,needs-reference-QA,,0,False
07-production,Janitor,janitor,janitor,Turn It Around,/home/falcon/.codex/worktrees/all-updates-main-release/New project 9/artifacts/squabblemon/public/assets/characters/janitor.webp,needs-reference-QA,,0,False
07-production,Krump,krump-dancer,krump,Chest Pop,/home/falcon/.codex/worktrees/all-updates-main-release/New project 9/artifacts/squabblemon/public/assets/characters/krump-dancer.webp,needs-reference-QA,,0,False
07-production,Lawless YN,lawless-yn,lawlessyn,Wrong Block,/home/falcon/.codex/worktrees/all-updates-main-release/New project 9/artifacts/squabblemon/public/assets/characters/lawless-yn.webp,needs-reference-QA,,0,False
08-production,Lawyer,lawyer,lawyer,Objection,/home/falcon/.codex/worktrees/all-updates-main-release/New project 9/artifacts/squabblemon/public/assets/characters/lawyer.webp,needs-reference-QA,,0,False
08-production,Live Streamer — Male,live-streamer-male,live-streamer-male,Raid the Chat,/home/falcon/.codex/worktrees/all-updates-main-release/New project 9/artifacts/squabblemon/public/assets/characters/live-streamer-male.webp,needs-reference-QA,,0,False
08-production,Luigion,luigion,luigion,Power-Up,/home/falcon/.codex/worktrees/all-updates-main-release/New project 9/artifacts/squabblemon/public/assets/characters/luigion.webp,needs-reference-QA,,0,False
08-production,Matcha Freak,root-nurse,rootnurse,Ceremonial Grade Crashout,/home/falcon/.codex/worktrees/all-updates-main-release/New project 9/artifacts/squabblemon/public/assets/characters/root-nurse.webp,needs-reference-QA,,0,False
08-production,Miami Surgeon,miami-surgeon,miami-surgeon,Clean Work,/home/falcon/.codex/worktrees/all-updates-main-release/New project 9/artifacts/squabblemon/public/assets/characters/miami-surgeon.webp,needs-reference-QA,,0,False
08-production,Mr. Trick,mr-trick,mr-trick,Open Tab,/home/falcon/.codex/worktrees/all-updates-main-release/New project 9/artifacts/squabblemon/public/assets/characters/mr-trick.webp,needs-reference-QA,,0,False
08-production,Nigerian Father,nigerian-father,nigerian-father,High Expectations,/home/falcon/.codex/worktrees/all-updates-main-release/New project 9/artifacts/squabblemon/public/assets/characters/nigerian-father.webp,needs-reference-QA,,0,False
08-production,OG Skater,og-skater,og-skater,Still Got It,/home/falcon/.codex/worktrees/all-updates-main-release/New project 9/artifacts/squabblemon/public/assets/characters/og-skater.webp,needs-reference-QA,,0,False
09-production,OG Vegan,sprout,sprout,I Brought My Own Plate,/home/falcon/.codex/worktrees/all-updates-main-release/New project 9/artifacts/squabblemon/public/assets/characters/sprout.webp,needs-reference-QA,,0,False
09-production,P. Tang,p-tang,ptang,Belt Check,/home/falcon/.codex/worktrees/all-updates-main-release/New project 9/artifacts/squabblemon/public/assets/characters/p-tang.webp,needs-reference-QA,,0,False
09-production,Passport Bro,passport-bro,passportbro,Geographic Arbitrage,/home/falcon/.codex/worktrees/all-updates-main-release/New project 9/artifacts/squabblemon/public/assets/characters/passport-bro.webp,needs-reference-QA,,0,False
09-production,Performative Male,canopy-keeper,canopykeeper,Show Up Then,/home/falcon/.codex/worktrees/all-updates-main-release/New project 9/artifacts/squabblemon/public/assets/characters/canopy-keeper.webp,needs-reference-QA,,0,False
09-production,Powerhouse,powerhouse,powerhouse,Overtime,/home/falcon/.codex/worktrees/all-updates-main-release/New project 9/artifacts/squabblemon/public/assets/characters/powerhouse.webp,needs-reference-QA,,0,False
09-production,Red Pill,red-pill,redpill,Echo Chamber,/home/falcon/.codex/worktrees/all-updates-main-release/New project 9/artifacts/squabblemon/public/assets/characters/red-pill.webp,needs-reference-QA,,0,False
09-production,Redneck,redneck,redneck,Fix It Yourself,/home/falcon/.codex/worktrees/all-updates-main-release/New project 9/artifacts/squabblemon/public/assets/characters/redneck.webp,needs-reference-QA,,0,False
09-production,Redneck Evil,redneck-evil,redneck-evil,Chain Reaction,/home/falcon/.codex/worktrees/all-updates-main-release/New project 9/artifacts/squabblemon/public/assets/characters/redneck-evil.webp,needs-reference-QA,,0,False
10-production,Regular guy named LeBron James,lebron-james,lebron-james,Definitely Not Him,/home/falcon/.codex/worktrees/all-updates-main-release/New project 9/artifacts/squabblemon/public/assets/characters/lebron-james.webp,needs-reference-QA,,0,False
10-production,Rent-a-Cop,rent-a-cop,rent-a-cop,Mall Rules,/home/falcon/.codex/worktrees/all-updates-main-release/New project 9/artifacts/squabblemon/public/assets/characters/rent-a-cop.webp,needs-reference-QA,,0,False
10-production,Revolutionary Ronald,revolutionary-ronald,ronald,WE OUTSIDE.,/home/falcon/.codex/worktrees/all-updates-main-release/New project 9/artifacts/squabblemon/public/assets/characters/revolutionary-ronald.webp,needs-reference-QA,,0,False
10-production,Roommate,roommate,roommate,Your Side of the Fridge,/home/falcon/.codex/worktrees/all-updates-main-release/New project 9/artifacts/squabblemon/public/assets/characters/roommate.webp,needs-reference-QA,,0,False
10-production,Seafood Assassin,seafood-assassin,seafoodassassin,Extra Sauce,/home/falcon/.codex/worktrees/all-updates-main-release/New project 9/artifacts/squabblemon/public/assets/characters/seafood-assassin.webp,needs-reference-QA,,0,False
10-production,Sherlock,sherlock,sherlock,Stakeout,/home/falcon/.codex/worktrees/all-updates-main-release/New project 9/artifacts/squabblemon/public/assets/characters/sherlock.webp,needs-reference-QA,,0,False
10-production,Sports Prodigy,sports-prodigy,sportsprodigy,Next Up,/home/falcon/.codex/worktrees/all-updates-main-release/New project 9/artifacts/squabblemon/public/assets/characters/sports-prodigy.webp,needs-reference-QA,,0,False
10-production,Squabble House Manager,squabble-house-manager,squabble-house-manager,Home Advantage,/home/falcon/.codex/worktrees/all-updates-main-release/New project 9/artifacts/squabblemon/public/assets/characters/squabble-house-manager.webp,needs-reference-QA,,0,False
11-production,Squabble House Worker — Female,squabble-house-female,squabbleserver,Fresh Pot,/home/falcon/.codex/worktrees/all-updates-main-release/New project 9/artifacts/squabblemon/public/assets/characters/squabble-house-female.webp,needs-reference-QA,,0,False
11-production,Squabble House Worker — Male,squabble-house-male,squabblecook,Hands on the Clock,/home/falcon/.codex/worktrees/all-updates-main-release/New project 9/artifacts/squabblemon/public/assets/characters/squabble-house-male.webp,needs-reference-QA,,0,False
11-production,Stoner Jr.,stoner-jr,stonerjr,Chill Out,/home/falcon/.codex/worktrees/all-updates-main-release/New project 9/artifacts/squabblemon/public/assets/characters/stoner-jr.webp,needs-reference-QA,,0,False
11-production,Stoner Sr.,stoner-sr,stonersr,Pass It Around,/home/falcon/.codex/worktrees/all-updates-main-release/New project 9/artifacts/squabblemon/public/assets/characters/stoner-sr.webp,needs-reference-QA,,0,False
11-production,STUD,stud,stud,Hold You Down,/home/falcon/.codex/worktrees/all-updates-main-release/New project 9/artifacts/squabblemon/public/assets/characters/stud.webp,needs-reference-QA,,0,False
11-production,Stylist,stylist,stylist,Fresh Fit,/home/falcon/.codex/worktrees/all-updates-main-release/New project 9/artifacts/squabblemon/public/assets/characters/stylist.webp,needs-reference-QA,,0,False
11-production,Teacher Who Never Believed in Rappers,teacher,teacher,Still Rapping?,/home/falcon/.codex/worktrees/all-updates-main-release/New project 9/artifacts/squabblemon/public/assets/characters/teacher.webp,needs-reference-QA,,0,False
11-production,The Asphalt Apostle,asphalt-apostle,asphaltapostle,Concrete Congregation,/home/falcon/.codex/worktrees/all-updates-main-release/New project 9/artifacts/squabblemon/public/assets/characters/asphalt-apostle.webp,needs-reference-QA,,0,False
12-production,The Feds,the-feds,thefeds,Asset Seizure,/home/falcon/.codex/worktrees/all-updates-main-release/New project 9/artifacts/squabblemon/public/assets/characters/the-feds.webp,needs-reference-QA,,0,False
12-production,The Flight Plug,slipstream,slipstream,Boarding Pass,/home/falcon/.codex/worktrees/all-updates-main-release/New project 9/artifacts/squabblemon/public/assets/characters/slipstream.webp,needs-reference-QA,,0,False
12-production,The Street Apostle,street-apostle,streetapostle,Spread the Word,/home/falcon/.codex/worktrees/all-updates-main-release/New project 9/artifacts/squabblemon/public/assets/characters/street-apostle.webp,needs-reference-QA,,0,False
12-production,Trap Vamp,trap-vamp,trapvamp,Paid in Blood,/home/falcon/.codex/worktrees/all-updates-main-release/New project 9/artifacts/squabblemon/public/assets/characters/trap-vamp.webp,needs-reference-QA,,0,False
12-production,Watson,watson,watson,Still Breathing,/home/falcon/.codex/worktrees/all-updates-main-release/New project 9/artifacts/squabblemon/public/assets/characters/watson.webp,needs-reference-QA,,0,False
12-production,YN ATV Lord,yn-atv-lord,yn-atv-lord,Hop On,/home/falcon/.codex/worktrees/all-updates-main-release/New project 9/artifacts/squabblemon/public/assets/characters/yn-atv-lord.webp,needs-reference-QA,,0,False
12-production,YN Gokarter,yn-gokarter,yn-gokarter,Lap Record,/home/falcon/.codex/worktrees/all-updates-main-release/New project 9/artifacts/squabblemon/public/assets/characters/yn-gokarter.webp,needs-reference-QA,,0,False
12-production,Yung Hustle,yung-hustle,yunghustle,Side Hustle,/home/falcon/.codex/worktrees/all-updates-main-release/New project 9/artifacts/squabblemon/public/assets/characters/yung-hustle.webp,needs-reference-QA,,0,False
